Outward,Town
AB1,Aberdeen
AB10,Aberdeen
AB12,Aberdeen
AB13,Aberdeen
AB14,Aberdeen
AB15,Aberdeen
AB16,Aberdeen
AB2,Aberdeen
AB21,Kingseat
AB22,Aberdeen
AB23,Aberdeen
AB24,Aberdeen
AB25,Aberdeen
AB3,Laurencekirk
AB30,Laurencekirk
AB31,Banchory
AB32,Westhill
AB33,Alford
AB34,Kincardine O'Neil
AB35,Ballater
AB36,Strathdon
AB37,Ballindalloch
AB38,Rothes
AB39,Stonehaven
AB4,Newburgh
AB41,Newburgh
AB42,Peterhead
AB43,Fraserburgh
AB44,Macduff
AB45,Banff
AB5,Oldmeldrum
AB51,Oldmeldrum
AB52,Old Rayne
AB53,Turriff
AB54,Huntly
AB55,Keith
AB56,Buckie
AB9,Aberdeen
AB99,Aberdeen
AL1,St Albans
AL10,Hatfield
AL2,St Albans
AL3,St Albans
AL4,St Albans
AL5,St Albans
AL6,Welwyn
AL7,Panshanger
AL8,Lemsford
AL9,Welwyn Green
B1,Birmingham
B10,Birmingham
B11,Birmingham
B12,Birmingham
B13,Birmingham
B14,Birmingham
B15,Birmingham
B16,Birmingham
B17,Birmingham
B18,Birmingham
B19,Birmingham
B2,Birmingham
B20,Birmingham
B21,Birmingham
B22,Birmingham
B23,Birmingham
B24,Birmingham
B25,Birmingham
B26,Birmingham
B27,Birmingham
B28,Birmingham
B29,Birmingham
B3,Birmingham
B30,Birmingham
B31,Birmingham
B32,Birmingham
B33,Birmingham
B34,Birmingham
B35,Birmingham
B36,Solihull
B37,Solihull
B38,Birmingham
B4,Birmingham
B40,Solihull
B42,Birmingham
B43,Birmingham
B44,Birmingham
B45,Bromsgrove
B46,North Warwickshire
B47,Bromsgrove
B48,Bromsgrove
B49,Stratford-On-Avon
B5,Birmingham
B50,Stratford-On-Avon
B6,Birmingham
B60,Bromsgrove
B61,Bromsgrove
B62,Dudley
B63,Dudley
B64,Sandwell
B65,Sandwell
B66,Sandwell
B67,Sandwell
B68,Sandwell
B69,Sandwell
B7,Birmingham
B70,Sandwell
B71,Sandwell
B72,Birmingham
B73,Birmingham
B74,Birmingham
B75,Birmingham
B76,North Warwickshire
B77,Tamworth
B78,North Warwickshire
B79,Lichfield
B8,Birmingham
B80,Stratford-On-Avon
B9,Birmingham
B90,Solihull
B91,Solihull
B92,Solihull
B93,Solihull
B94,Stratford-On-Avon
B95,Stratford-On-Avon
B96,Redditch
B97,Redditch
B98,Redditch
B99,Birmingham
BA1,Bath
BA10,Bruton
BA11,Frome
BA12,Warminster
BA13,Westbury
BA14,Trowbridge
BA15,Bradford-On-Avon
BA16,Street
BA2,Timsbury
BA20,Yeovil
BA21,Yeovil
BA22,Galhampton
BA3,Timsbury
BA4,North Wootton
BA5,Wells
BA7,Castle Cary
BA8,South Cheriton
BB0,Blackburn
BB1,Blackburn
BB10,Burnley
BB11,Burnley
BB12,Burnley
BB18,Pendle
BB2,Blackburn
BB3,Darwen
BB4,Rossendale
BB5,Hyndburn
BB6,Great Harwood
BB7,Ribble Valley
BB8,Pendle
BB9,Pendle
BB94,Pendle
BD1,Bradford
BD10,Bradford
BD11,Leeds
BD12,Bradford
BD13,Bradford
BD14,Bradford
BD15,Bradford
BD16,Bradford
BD17,Bradford
BD18,Bradford
BD19,Kirklees
BD2,Bradford
BD20,Bradford
BD21,Bradford
BD22,Cowling
BD24,Settle
BD3,Bradford
BD4,Bradford
BD5,Bradford
BD6,Bradford
BD7,Bradford
BD8,Bradford
BD9,Bradford
BD97,Bradford
BD99,Bradford
BH1,Bournemouth
BH10,Bournemouth
BH11,Bournemouth
BH12,Poole
BH13,Poole
BH14,Poole
BH15,Poole
BH16,Poole
BH17,Poole
BH18,Poole
BH19,Swanage
BH2,Bournemouth
BH20,Wareham
BH21,Wimborne Minster
BH22,Ferndown
BH23,Christchurch
BH24,Ringwood
BH25,New Milton
BH3,Bournemouth
BH31,Verwood
BH4,Bournemouth
BH5,Bournemouth
BH6,Bournemouth
BH7,Bournemouth
BH8,Bournemouth
BH9,Bournemouth
BL0,Ramsbottom
BL1,Bolton
BL11,Farnworth
BL2,Bolton
BL3,Bolton
BL4,Farnworth
BL5,Bolton
BL6,Horwich
BL7,Turton Bottoms
BL78,Farnworth
BL8,Bury
BL9,Bury
BN1,Brighton
BN10,Peacehaven
BN11,Worthing
BN12,Worthing
BN13,Worthing
BN14,Worthing
BN15,Lancing
BN16,East Preston
BN17,Little Hampton
BN18,Arundel
BN2,Brighton
BN20,Wealden
BN21,Eastbourne
BN22,Eastbourne
BN23,Eastbourne
BN24,Wealden
BN25,Seaford
BN26,Wealden
BN27,Wealden
BN3,Hove
BN4,Brighton
BN41,Portslade By Sea
BN42,Southwick
BN43,Shoreham-by-Sea
BN44,Steyning
BN45,Pyecombe
BN5,Horsham
BN50,Brighton
BN51,Rottingdean
BN52,Hove
BN6,Hassocks
BN7,Lewes
BN8,Lewes
BN88,Brighton
BN9,Newhaven
BN95,Adur
BN99,Worthing
BR1,London
BR2,London
BR3,London
BR4,London
BR5,London
BR6,London
BR7,London
BR8,London
BS0,Weston-Super-Mare
BS1,Bristol
BS10,Bristol
BS11,Bristol
BS12,Bradley Stoke
BS13,Bristol
BS14,Bristol
BS17,Winterbourne Down
BS18,Keynsham
BS19,Nailsea
BS2,Bristol
BS20,Bristol
BS21,Clevedon
BS22,Weston-Super-Mare
BS23,Weston-Super-Mare
BS24,Bleadon
BS25,Winscombe
BS26,Axbridge
BS27,Cheddar
BS28,Wedmore
BS29,Banwell
BS3,Bristol
BS30,Bridge Yate
BS31,Keynsham
BS32,Bristol
BS34,Patchway
BS35,Oldbury On Severn
BS36,Winterbourne Down
BS37,Yate
BS39,Bristol
BS4,Bristol
BS40,Congresbury
BS41,Dundry
BS48,Nailsea
BS49,Yatton
BS5,Bristol
BS6,Bristol
BS7,Bristol
BS77,Bristol
BS8,Bristol
BS80,Weston-Super-Mare
BS98,Bristol
BS99,Bristol
BT1,Belfast
BT10,Belfast
BT11,Belfast
BT12,Belfast
BT13,Belfast
BT15,Belfast
BT16,Dundonald
BT17,Belfast
BT18,Holywood
BT19,Bangor
BT2,Belfast
BT20,Bangor
BT21,Donaghadee
BT22,County Down
BT23,Newtownards
BT24,Saintfield
BT25,Dromore
BT26,Royal Hillsborough
BT27,Lisburn
BT29,County Antrim
BT3,Belfast
BT31,Burrenbridge
BT32,Banbridge
BT33,Newcastle
BT34,Lurganare
BT35,Newtownhamilton
BT36,Mallusk
BT37,Newtownabbey
BT39,Templepatrick
BT4,Belfast
BT40,Larne
BT41,Antrim
BT42,Ballymena
BT43,Ballymena
BT44,Glenarm
BT45,Magherafelt
BT46,Maghera
BT47,Londonderry
BT48,Londonderry
BT49,Limavady
BT5,Belfast
BT51,Coleraine
BT52,Coleraine
BT53,Ballymoney
BT54,Ballycastle
BT55,Portstewart
BT56,Portrush
BT57,County Antrim
BT6,Belfast
BT60,Armagh
BT62,Portadown
BT63,Portadown
BT64,Craigavon
BT66,Lurgan
BT67,Aghagallon
BT68,Caledon
BT69,Aughnacloy
BT7,Belfast
BT70,Dungannon
BT71,Dungannon
BT75,Cooneen
BT76,Clogher
BT77,Augher
BT78,Omagh
BT79,Omagh
BT8,Belfast
BT80,Coagh
BT81,Castlederg
BT82,Strabane
BT9,Belfast
BT92,Lisnaskea
BT93,Lack
BT94,Irvinestown
BT99,Belfast
CA1,Carlisle
CA10,Lazonby
CA11,Penrith
CA12,Keswick
CA13,Cockermouth
CA14,Workington
CA15,Maryport
CA16,Appleby-In-Westmorland
CA17,Kirkby Stephen
CA18,Ravenglass
CA19,Gosforth
CA2,Carlisle
CA20,Gosforth
CA21,Beckermet
CA22,Egremont
CA23,Moor Row
CA24,Egremont
CA25,Cleator Moor
CA26,Arlecdon
CA27,St Bees
CA28,Whitehaven
CA3,Carlisle
CA4,Carleton
CA5,Mealsgate
CA6,Rockcliffe
CA7,Wigton
CA9,Alston
CA95,Workington
CA99,Carlisle
CB1,Cambridge
CB10,Uttlesford
CB11,Uttlesford
CB2,Cambridge
CB21,Balsham
CB22,Sawston
CB23,Cambridge
CB24,Cambridge
CB25,Bottisham
CB3,Cambridge
CB4,Cambridge
CB5,Cambridge
CB6,Ely
CB7,Ely
CB8,West Suffolk
CB9,West Suffolk
CF1,Cardiff
CF10,Cardiff
CF11,Cardiff
CF14,Cardiff
CF15,Gwaelod-Y-Garth
CF2,Cardiff
CF23,Cardiff
CF24,Cardiff
CF3,Cardiff
CF30,Cardiff
CF31,Bridgend
CF32,Cefn Cribwr
CF33,Pyle
CF34,Maesteg
CF35,Bridgend
CF36,Porthcawl
CF37,Pontypridd
CF38,Tonteg
CF39,Porth
CF4,Cardiff
CF40,Tonypandy
CF41,Pentre
CF42,Treherbert
CF43,Tylorstown
CF44,Cwmbach
CF45,Mountain Ash
CF46,Treharris
CF47,Merthyr Tydfil
CF48,Abercanaid
CF5,Cardiff
CF6,Penarth
CF61,Llantwit Major
CF62,Moulton
CF63,Barry
CF64,Penarth
CF7,Cowbridge
CF71,Cowbridge
CF72,Pontyclun
CF8,Caerphilly
CF81,Bargoed
CF82,Ystrad Mynach
CF83,Caerphilly
CF91,Cardiff
CF95,Cardiff
CF99,Cardiff
CH1,Chester
CH2,Chester
CH25,Birkenhead
CH26,Prenton
CH27,Wallasey
CH28,Moreton
CH3,Chester
CH30,Upton
CH31,Heswall
CH32,New Ferry
CH33,Neston
CH34,Ellesmere Port
CH4,Penyffordd
CH41,Birkenhead
CH42,Birkenhead
CH43,Prenton
CH44,Wallasey
CH45,Wallasey
CH46,Moreton
CH47,Hoylake
CH48,West Kirby
CH49,Upton
CH5,Queensferry
CH6,Flint
CH60,Heswall
CH61,Irby
CH62,Eastham
CH63,Bromborough
CH64,Neston
CH65,Ellesmere Port
CH66,Capenhurst
CH7,Mold
CH70,Chester
CH8,Holywell
CH88,Chester
CH99,Chester
CM0,Maldon
CM1,Chelmsford
CM11,Billericay
CM12,Billericay
CM13,Brentwood
CM14,Brentwood
CM15,Brentwood
CM16,Epping Forest
CM17,Harlow
CM18,Harlow
CM19,Harlow
CM2,Chelmsford
CM20,Harlow
CM21,Sawbridgeworth
CM22,Uttlesford
CM23,Bishop's Stortford
CM24,Uttlesford
CM3,Chelmsford
CM4,Ingatestone
CM5,Chipping Ongar
CM6,Uttlesford
CM7,Braintree
CM77,Braintree
CM8,Witham
CM9,Maldon
CM92,Harlow
CM98,Chelmsford
CM99,Chelmsford
CO1,Colchester
CO10,Babergh
CO11,Manningtree
CO12,Harwich
CO13,Frinton-On-Sea
CO14,Walton-On-The-Naze
CO15,Clacton-On-Sea
CO16,Thorpe-Le-Soken
CO2,Colchester
CO3,Colchester
CO4,Colchester
CO5,Colchester
CO6,Colchester
CO7,Brightlingsea
CO8,Babergh
CO9,Halstead
CR0,London
CR2,London
CR3,Caterham
CR4,London
CR44,London
CR5,London
CR7,London
CR8,London
CR9,London
CT1,Canterbury
CT10,Thanet
CT11,Thanet
CT12,Thanet
CT13,Sandwich
CT14,Dover
CT15,Dover
CT16,Dover
CT17,Dover
CT18,Hawkinge
CT19,Folkestone
CT2,Canterbury
CT20,Folkestone
CT21,Folkestone
CT3,Dover
CT4,Canterbury
CT5,Canterbury
CT50,Folkestone
CT6,Canterbury
CT7,Thanet
CT8,Thanet
CV1,Coventry
CT9,Margate
CV10,Nuneaton
CV11,Nuneaton
CV12,Nuneaton
CV13,Bosworth
CV2,Coventry
CV21,Rugby
CV22,Rugby
CV23,Rugby
CV3,Coventry
CV31,Royal Leamington Spa
CV32,Royal Leamington Spa
CV33,Stratford-On-Avon
CV34,Warwick
CV35,Stratford-On-Avon
CV36,Stratford-On-Avon
CV37,Stratford-On-Avon
CV4,Coventry
CV47,Stratford-On-Avon
CV5,Coventry
CV6,Coventry
CV7,Solihull
CV8,Kenilworth
CV9,North Warwickshire
CW1,Crewe
CW10,Middlewich
CW11,Sandbach
CW12,Congleton
CW2,Crewe
CW3,Audlem
CW4,Holmes Chapel
CW5,Nantwich
CW6,Tarporley
CW7,Winsford
CW8,Hartford
CW9,Northwich
CW98,Crewe
DA1,Dartford
DA10,Swanscombe
DA11,Gravesham
DA12,Gravesham
DA13,Gravesham
DA14,London
DA15,London
DA16,London
DA17,London
DA18,London
DA2,Dartford
DA3,Sevenoaks
DA4,Sevenoaks
DA5,London
DA6,London
DA7,London
DA8,London
DA9,Dartford
DD1,Dundee
DD10,Montrose
DD11,Arbroath
DD2,Dundee
DD3,Dundee
DD4,Dundee
DD5,Dundee
DD6,Newport-On-Tay
DD7,Carnoustie
DD8,Forfar
DD9,Brechin
DE1,Derby
DE11,Swadlincote
DE12,Linton
DE13,Yoxall
DE14,Burton upon Trent
DE15,Burton upon Trent
DE2,Derby
DE21,Derby
DE22,Derby
DE23,Derby
DE24,Derby
DE3,Mickleover
DE4,Matlock
DE45,Bakewell
DE5,Ripley
DE55,Alfreton
DE56,Belper
DE6,Ashbourne
DE65,Derby
DE7,Erewash
DE72,Derby
DE73,Derby
DE74,Kegworth
DE75,Heanor
DG1,Dumfries
DG10,Moffat
DG11,Lockerbie
DG12,Annan
DG13,Langholm
DG14,Canonbie
DG16,Gretna
DG2,Dumfries
DG3,Thornhill
DG4,Sanquhar
DG5,Dalbeattie
DG6,Kirkcudbright
DG7,Castle Douglas
DG8,Glenluce
DG9,Stranraer
DH1,Durham
DH2,North Lodge
DH3,Birtley
DH4,Sunderland
DH5,Sunderland
DH6,Sherburn
DH7,Burnhope
DH8,Consett
DH9,Stanley
DH97,Carrville
DH98,Gateshead
DH99,Carrville
DL1,Darlington
DL10,Richmond
DL11,Hudswell
DL12,Eggleston
DL13,Stanhope
DL14,Low Etherley
DL15,Crook
DL16,Spennymoor
DL17,Ferryhill Station
DL2,Middleton One Row
DL3,Harrowgate Hill
DL4,Shildon
DL5,Newton Aycliffe
DL6,Northallerton
DL7,Danby Wiske
DL8,Bedale
DL9,Catterick Garrison
DL98,Darlington
DN1,Doncaster
DN10,Bassetlaw
DN11,Doncaster
DN12,Doncaster
DN14,Snaith
DN15,Appleby
DN16,Scunthorpe
DN17,Scunthorpe
DN18,Barton-Upon-Humber
DN19,Barrow-Upon-Humber
DN2,Doncaster
DN20,Broughton
DN21,West Lindsey
DN22,Bassetlaw
DN3,Doncaster
DN31,Grimsby
DN32,Grimsby
DN33,Grimsby
DN34,Grimsby
DN35,Cleethorpes
DN36,Cleethorpes
DN37,Grimsby
DN38,Melton Ross
DN39,Ulceby
DN4,Doncaster
DN40,Immingham
DN41,Grimsby
DN5,Doncaster
DN55,Doncaster
DN6,Doncaster
DN7,Doncaster
DN8,Doncaster
DN9,Epworth
DT1,Dorchester
DT10,Sturminster Newton
DT11,Winterborne Whitechurch
DT2,Maiden Newton
DT3,Chickerell
DT4,Weymouth
DT5,Fortuneswell
DT6,Bridport
DT7,Lyme Regis
DT8,Beaminster
DT9,Sherborne
DY1,Dudley
DY10,Wyre Forest
DY11,Wyre Forest
DY12,Wyre Forest
DY13,Wyre Forest
DY14,Cleobury Mortimer
DY2,Dudley
DY3,Coseley
DY4,Sandwell
DY5,Dudley
DY6,South Staffordshire
DY7,South Staffordshire
DY8,Stourbridge
DY9,Bromsgrove
E1,London
E10,London
E11,London
E12,London
E13,London
E14,London
E15,London
E16,London
E17,London
E18,London
E1W,London
E2,London
E20,London
E22,London
E3,London
E5,London
E6,London
E7,London
E77,London
E8,London
E9,London
E98,London
EC1A,London
EC1M,London
EC1N,London
EC1P,London
EC1R,London
EC1V,London
EC1Y,London
EC2A,London
EC2M,City Of London
EC2N,City Of London
EC2P,London
EC2R,City Of London
EC2V,City Of London
EC2Y,City Of London
EC3A,City Of London
EC3B,City Of London
EC3M,City Of London
EC3N,City Of London
EC3P,London
EC3R,City Of London
EC3V,City Of London
EC4A,City Of London
EC4M,City Of London
EC4N,City Of London
EC4P,London
EC4R,City Of London
EC4V,City Of London
EC4Y,City Of London
EC50,London
EC88,London
EH1,City Of Edinburgh
EH10,City Of Edinburgh
EH11,City Of Edinburgh
EH12,City Of Edinburgh
EH13,City Of Edinburgh
EH14,City Of Edinburgh
EH15,City Of Edinburgh
EH16,City Of Edinburgh
EH17,City Of Edinburgh
EH18,Lasswade
EH19,Bonnyrigg
EH2,City Of Edinburgh
EH20,Bonnyrigg
EH21,Musselburgh
EH22,Dalkeith
EH23,Gorebridge
EH24,Rosewell
EH26,Penicuik
EH27,Kirknewton
EH28,City Of Edinburgh
EH29,Kirkliston
EH3,City Of Edinburgh
EH30,City Of Edinburgh
EH31,Gullane
EH32,Cockenzie And Port Seton
EH33,Tranent
EH34,Pencaitland
EH35,Ormiston
EH36,Humbie
EH37,Pathhead
EH38,Scottish Borders
EH39,North Berwick
EH4,City Of Edinburgh
EH40,East Linton
EH41,Haddington
EH42,Dunbar
EH43,Walkerburn
EH44,Innerleithen
EH45,Peebles
EH46,West Linton
EH47,Whitburn
EH48,Bathgate
EH49,Linlithgow
EH5,City Of Edinburgh
EH51,Bo'Ness
EH52,Broxburn
EH53,Mid Calder
EH54,Livingston
EH55,West Calder
EH6,City Of Edinburgh
EH7,City Of Edinburgh
EH8,City Of Edinburgh
EH9,City Of Edinburgh
EH91,City Of Edinburgh
EH95,City Of Edinburgh
EH99,City Of Edinburgh
EN1,London
EN10,Broxbourne
EN11,Hoddesdon
EN2,London
EN3,London
EN4,London
EN5,London
EN6,Hertsmere
EN7,London
EN8,Cheshunt
EN9,Waltham Cross
EX1,Exeter
EX10,East Devon
EX11,East Devon
EX12,East Devon
EX13,East Devon
EX14,East Devon
EX15,Mid Devon
EX16,Mid Devon
EX17,Mid Devon
EX18,North Devon
EX19,Torridge
EX2,Teignbridge
EX20,West Devon
EX21,West Devon
EX22,Torridge
EX23,Widemouth Bay
EX24,East Devon
EX3,Exeter
EX31,North Devon
EX32,North Devon
EX33,North Devon
EX34,North Devon
EX35,North Devon
EX36,North Devon
EX37,North Devon
EX38,Torridge
EX39,Torridge
EX4,East Devon
EX5,Exeter
EX6,Teignbridge
EX7,Teignbridge
EX8,East Devon
EX9,East Devon
FK1,Falkirk
FK10,Alloa
FK11,Menstrie
FK12,Alva
FK13,Tillicoultry
FK14,Dollar
FK15,Dunblane
FK16,Doune
FK17,Callander
FK18,Strathyre
FK19,Lochearnhead
FK2,Redding
FK20,Stirling
FK21,Stirling
FK3,Grangemouth
FK4,Bonnybridge
FK5,Larbert
FK6,Denny
FK7,Stirling
FK8,Stirling
FK9,Stirling
FY0,Fylde
FY1,Blackpool
FY2,Bispham
FY3,Blackpool
FY4,Blackpool
FY5,Wyre
FY6,Wyre
FY7,Wyre
FY8,Fylde
G1,Glasgow
G11,Glasgow
G12,Glasgow
G13,Glasgow
G14,Glasgow
G15,Glasgow
G2,Glasgow
G20,Glasgow
G21,Glasgow
G22,Glasgow
G23,Glasgow
G3,Glasgow
G31,Glasgow
G32,Glasgow
G33,Glasgow
G34,Glasgow
G4,Glasgow
G40,Glasgow
G41,Glasgow
G42,Glasgow
G43,Glasgow
G44,Glasgow
G45,Glasgow
G46,Giffnock
G5,Glasgow
G51,Glasgow
G52,Glasgow
G53,Glasgow
G58,Glasgow
G60,Bowling
G61,Glasgow
G62,Glasgow
G63,Drymen
G64,Bishopbriggs
G65,Kilsyth
G66,Kirkintilloch
G67,Cumbernauld
G68,Dullatur
G69,Moodiesburn
G70,Cumbernauld
G71,Viewpark
G72,Blantyre
G73,Rutherglen
G74,East Kilbride
G75,East Kilbride
G76,Eaglesham
G77,Newton Mearns
G78,Barrhead
G79,East Kilbride
G80,Glasgow
G81,Clydebank
G82,Dumbarton
G83,Alexandria
G84,Garelochhead
G9,Glasgow
G90,Glasgow
GL1,Gloucester
GL10,Stonehouse
GL11,Dursley
GL12,Wotton-Under-Edge
GL13,Berkeley
GL14,Newnham
GL15,Lydney
GL16,Coleford
GL17,Mitcheldean
GL18,Oxenhall
GL19,Staunton
GL2,Gloucester
GL20,Tewkesbury
GL3,Tewkesbury
GL4,Gloucester
GL5,Stroud
GL50,Cheltenham
GL51,Cheltenham
GL52,Cheltenham
GL53,Cheltenham
GL54,Hawling
GL55,Chipping Campden
GL56,Moreton-in-Marsh
GL6,Nailsworth
GL7,Cotswold
GL9,Badminton
GU1,Guildford
GU10,Guildford
GU11,Rushmoor
GU12,Rushmoor
GU13,Hart
GU14,Rushmoor
GU15,Surrey Heath
GU16,Surrey Heath
GU17,Hart
GU18,Surrey Heath
GU19,Surrey Heath
GU2,Guildford
GU21,Woking
GU22,Woking
GU23,Guildford
GU24,Woking
GU25,Runnymede
GU26,Waverley
GU27,Waverley
GU28,Chichester
GU29,Chichester
GU3,Guildford
GU30,Lipphook
GU31,South Harting
GU32,Bordean
GU33,West Liss
GU34,Alton
GU35,Bordon
GU4,Guildford
GU46,Hart
GU47,Sandhurst
GU5,Guildford
GU51,Hart
GU52,Hart
GU6,Waverley
GU7,Waverley
GU8,Waverley
GU9,Waverley
GU95,Surrey Heath
HA0,London
HA1,London
HA2,London
HA3,London
HA4,London
HA5,London
HA6,London
HA7,London
HA8,London
HA9,London
HD1,Kirklees
HD2,Kirklees
HD3,Kirklees
HD4,Kirklees
HD5,Kirklees
HD6,Calderdale
HD7,Kirklees
HD8,Kirklees
HD9,Kirklees
HG1,Harrogate
HG2,Harrogate
HG3,Spofforth
HG4,Ripon
HG5,Knaresborough
HP1,Dacorum
HP10,Wooburn Green
HP11,High Wycombe
HP12,High Wycombe
HP13,Totteridge
HP14,High Wycombe
HP15,High Wycombe
HP16,Great Missenden
HP17,Princes Risborough
HP18,Cuddington
HP19,Aylesbury
HP2,Dacorum
HP20,Aylesbury
HP21,Aylesbury
HP22,Aston Clinton
HP23,Dacorum
HP27,Princes Risborough
HP3,Dacorum
HP4,Dacorum
HP5,Chesham
HP6,Amersham
HP7,Amersham
HP8,Chalfont St Giles
HP9,Beaconsfield
HR1,Hereford
HR2,Abbey Dore
HR3,Hay On Wye
HR4,Hereford
HR5,Kington
HR6,Leominster
HR7,Bromyard
HR8,Ledbury
HR9,Ross-On-Wye
HU1,Hull
HU10,Willerby
HU11,Bilton
HU12,Ottringham
HU13,Hessle
HU14,North Ferriby
HU15,Brough
HU16,Cottingham
HU17,Beverley
HU18,Hornsea
HU19,Withernsea
HU2,Hull
HU20,Little Weighton
HU3,Hull
HU4,Hull
HU5,Hull
HU6,Dunswell
HU7,Hull
HU8,Hull
HU9,Hull
HX1,Calderdale
HX2,Calderdale
HX3,Calderdale
HX4,Calderdale
HX5,Calderdale
HX6,Calderdale
HX7,Calderdale
IG1,London
IG10,Loughton
IG11,London
IG2,London
IG3,London
IG4,London
IG5,London
IG6,London
IG7,London
IG8,London
IG9,Buckhurst Hill
IP1,Ipswich
IP10,Ipswich
IP11,Felixstowe
IP12,Butley
IP13,Framlingham
IP14,Stowmarket
IP15,Slaughden
IP16,Sizewell
IP17,Saxmundham
IP18,Reydon
IP19,Halesworth
IP2,Ipswich
IP20,Homersfield
IP21,Diss
IP22,Diss
IP23,Braiseworth
IP24,Breckland
IP25,Breckland
IP26,Cranwich
IP27,Brandon
IP28,Mildenhall
IP29,Brockley
IP3,Ipswich
IP30,Bradfield St George
IP31,Ixworth
IP32,Bury St Edmunds
IP33,Bury St Edmunds
IP4,Ipswich
IP5,Kesgrave
IP6,Mid Suffolk
IP7,Babergh
IP8,Babergh
IP9,Babergh
IP98,Diss
IV1,Inverness
IV10,Fortrose
IV11,Cromarty
IV12,Nairn
IV13,Highland
IV14,Highland
IV15,Dingwall
IV16,Evanton
IV17,Alness
IV18,Invergordon
IV19,Tain
IV2,Highland
IV20,Portmahomack
IV21,Badachro
IV22,Poolewe
IV23,Laide
IV24,Bonar Bridge
IV25,Dornoch
IV26,Ullapool
IV27,Highland
IV28,Pittentrail
IV3,Inverness
IV30,Elgin
IV31,Lossiemouth
IV32,Mosstodloch
IV33,Rothes
IV34,Moray
IV35,Moray
IV36,Forres
IV4,Beauly
IV40,Kyle Of Lochalsh
IV41,Kyleakin
IV42,Kylerhea
IV43,Camuscross
IV44,Kilbeg
IV45,Armadale
IV46,Tarskavaig
IV47,Portnalong
IV48,Highland
IV49,Broadford
IV5,Kirkhill
IV51,Portree
IV52,Plockton
IV53,Stromeferry
IV54,Lochcarron
IV55,Stein
IV56,Struan
IV6,Beauly
IV63,Lewiston
IV7,Conon Bridge
IV8,Inverness
IV9,Avoch
IV99,Inverness
KA1,Kilmarnock
KA10,Troon
KA11,Irvine
KA12,Irvine
KA13,Kilwinning
KA14,Glengarnock
KA15,Beith
KA16,Greenholm
KA17,Darvel
KA18,Cumnock
KA19,Maybole
KA2,Kilmarnock
KA20,Stevenston
KA21,Saltcoats
KA22,Ardrossan
KA23,West Kilbride
KA24,Dalry
KA25,Kilbirnie
KA26,Girvan
KA27,Brodick
KA28,Millport
KA29,Fairlie
KA3,Kilmarnock
KA4,Galston
KA5,Mauchline
KA6,Mossblown
KA7,Ayr
KA8,Ayr
KA9,Prestwick
KT1,London
KT10,Elmbridge
KT11,Elmbridge
KT12,Elmbridge
KT13,Elmbridge
KT14,Woking
KT15,Runnymede
KT16,Runnymede
KT17,Ewell
KT18,Ewell
KT19,Ewell
KT2,Guildford
KT20,Reigate And Banstead
KT21,Mole Valley
KT22,Mole Valley
KT23,Mole Valley
KT24,Guildford
KT3,London
KT4,London
KT5,London
KT6,London
KT7,Elmbridge
KT8,Elmbridge
KT9,London
KW1,Wick
KW10,Golspie
KW11,Highland
KW12,Halkirk
KW13,Highland
KW14,Thurso
KW15,Kirkwall
KW16,Stromness
KW17,Orkney Islands
KW2,Ulbster
KW3,Lybster
KW5,Latheron
KW6,Dunbeath
KW7,Newport
KW8,Helmsdale
KW9,Brora
KY1,Kirkcaldy
KY10,St Monans
KY11,Inverkeithing
KY12,Dunfermline
KY13,Balado
KY14,Newburgh
KY15,Cupar
KY16,Leuchars
KY2,Kirkcaldy
KY3,Burntisland
KY4,Kelty
KY5,Cardenden
KY6,Glenrothes
KY7,Glenrothes
KY8,Buckhaven
KY9,Elie And Earlsferry
KY99,Dunfermline
L1,Liverpool
L10,Kirkby
L11,Liverpool
L12,Liverpool
L13,Liverpool
L14,Liverpool
L15,Liverpool
L16,Liverpool
L17,Liverpool
L18,Liverpool
L19,Liverpool
L2,Liverpool
L20,Bootle
L21,Liverpool
L22,Crosby
L23,Crosby
L24,Liverpool
L25,Liverpool
L26,Halewood
L27,Liverpool
L28,Liverpool
L29,Lunt
L3,Liverpool
L30,Litherland
L31,Maghull
L32,Kirkby
L33,Kirkby
L34,Knowsley
L35,St Helens
L36,Huyton
L37,Formby
L38,Hightown
L39,Aughton
L4,Liverpool
L40,Burscough
L41,Birkenhead
L42,Birkenhead
L43,Prenton
L44,Wallasey
L45,Wallasey
L46,Moreton
L47,Hoylake
L48,West Kirby
L49,Upton
L5,Liverpool
L6,Liverpool
L60,Heswall
L61,Heswall
L62,Eastham
L63,Bromborough
L64,Neston
L65,Ellesmere Port
L66,Capenhurst
L67,Liverpool
L68,Litherland
L69,Liverpool
L7,Liverpool
L70,Crosby
L71,Litherland
L72,Crosby
L73,Liverpool
L74,Liverpool
L75,Liverpool
L8,Liverpool
L80,Litherland
L9,Liverpool
LA1,Lancaster
LA10,Sedbergh
LA11,Grange-Over-Sands
LA12,Ulverston
LA13,Barrow-In-Furness
LA14,Barrow-In-Furness
LA15,Dalton-In-Furness
LA16,Askam-In-Furness
LA17,Kirkby-In-Furness
LA18,Millom
LA19,Bootle
LA2,Lancaster
LA20,Broughton In Furness
LA21,Coniston
LA22,Ambleside
LA23,Troutbeck Bridge
LA3,Lancaster
LA4,Lancaster
LA5,Arnside
LA6,Lancaster
LA7,Milnthorpe
LA8,Natland
LA9,Kendal
LD1,Llandrindod
LD2,Builth Wells
LD3,Talgarth
LD4,Llangammarch Wells
LD5,Treflys
LD6,Rhayader
LD7,Knighton
LD8,Presteigne
LE1,Leicester
LE10,Hinckley
LE11,Charnwood
LE12,Charnwood
LE13,Melton
LE14,Melton
LE15,Oakham
LE16,Harborough
LE17,Harborough
LE18,Wigston
LE19,Narborough
LE2,Leicester
LE21,Leicester
LE3,Leicester
LE4,Leicester
LE5,Leicester
LE55,Leicester
LE6,Charnwood
LE65,Ashby-de-la-Zouch
LE67,Coalville
LE7,Charnwood
LE8,Harborough
LE87,Cosby
LE9,Barwell
LE94,Harborough
LE95,Braunstone
LL11,Wrexham
LL12,Burton
LL13,Wrexham
LL14,Rhosllanerchrugog
LL15,Ruthin
LL16,Denbigh
LL17,St Asaph
LL18,Rhyl
LL19,Prestatyn
LL20,Glyn Ceiriog
LL21,Corwen
LL22,Abergele
LL23,Bala
LL24,Betws-Y-Coed
LL25,Dolwyddelan
LL26,Llanrwst
LL27,Trefriw
LL28,Colwyn Bay
LL29,Colwyn Bay
LL30,Llandudno
LL31,Llandudno Junction
LL32,Conwy
LL33,Llanfairfechan
LL34,Penmaenmawr
LL35,Aberdyfi
LL36,Tywyn
LL37,Llwyngwril
LL38,Fairbourne
LL39,Arthog
LL40,Dolgellau
LL41,Blaenau Ffestiniog
LL42,Barmouth
LL43,Tal-Y-Bont
LL44,Coed Ystumgwern
LL45,Llanbedr
LL46,Harlech
LL47,Soar
LL48,Penrhyndeudraeth
LL49,Porthmadog
LL51,Dolbenmaen
LL52,Criccieth
LL53,Pwllheli
LL54,Trefor
LL55,Caernarfon
LL56,Y Felinheli
LL57,Bangor
LL58,Beaumaris
LL59,Porthaethwy / Menai Bridge
LL60,Pentre Berw
LL61,Star
LL62,Bethel
LL63,Aberffraw
LL64,Rhosneigr
LL65,Holyhead
LL66,Bodewryd
LL67,Llanbadrig
LL68,Amlwch
LL69,Penysarn
LL70,Brynrefail
LL71,Llannerch-Y-Medd
LL72,Marian-Glas
LL73,Brynteg
LL74,Benllech
LL75,Pentraeth
LL76,Llanbedrgoch
LL77,Llangefni
LL78,Brynteg
LN1,Lincoln
LN10,Woodhall Spa
LN11,Louth
LN12,Mablethorpe
LN13,Alford
LN2,Lincoln
LN3,Langworth
LN4,Mertheringham
LN5,Harmston
LN6,Lincoln
LN7,Nettleton
LN8,Market Rasen
LN9,Horncastle
LS1,Leeds
LS10,Leeds
LS11,Leeds
LS12,Leeds
LS13,Leeds
LS14,Leeds
LS15,Leeds
LS16,Leeds
LS17,Leeds
LS18,Leeds
LS19,Leeds
LS2,Leeds
LS20,Leeds
LS21,Leeds
LS22,Wetherby
LS23,Boston Spa
LS24,Tadcaster
LS25,Leeds
LS26,Leeds
LS27,Leeds
LS28,Leeds
LS29,Bradford
LS3,Leeds
LS4,Leeds
LS5,Leeds
LS6,Leeds
LS7,Leeds
LS8,Leeds
LS88,Wakefield
LS9,Leeds
LS98,Leeds
LS99,Leeds
LU1,Luton
LU2,Luton
LU3,Luton
LU4,Lewsey Farm
LU5,Dunstable
LU6,Dunstable
LU7,Leighton Buzzard
LU95,Leighton Buzzard
M1,Manchester
M10,Manchester
M11,Manchester
M12,Manchester
M13,Manchester
M14,Manchester
M15,Manchester
M16,Manchester
M17,Salford
M18,Manchester
M2,Manchester
M20,Manchester
M21,Manchester
M22,Manchester
M23,Manchester
M25,Prestwich
M26,Radcliffe
M27,Salford
M28,Salford
M29,Atherton
M3,Salford
M30,Salford
M31,Trafford
M32,Trafford
M35,Failsworth
M38,Salford
M4,Manchester
M40,Manchester
M41,Trafford
M44,Salford
M46,Atherton
M5,Salford
M50,Salford
M52,Manchester
M6,Salford
M60,Manchester
M61,Manchester
M7,Salford
M8,Manchester
M9,Manchester
M90,Manchester
M99,Manchester
ME1,Rochester
ME10,Swale
ME11,Swale
ME12,Swale
ME13,Swale
ME14,Maidstone
ME15,Maidstone
ME16,Maidstone
ME17,Maidstone
ME18,Nettlestead
ME19,Kings Hill
ME2,Cuxton
ME20,Aylesford
ME3,Isle Of Grain
ME4,Gillingham
ME5,Chatham
ME6,Snodland
ME7,Gillingham
ME8,Rainham
ME9,Swale
ME99,Rochester
MK1,Milton Keynes
MK10,Milton Keynes
MK11,Milton Keynes
MK12,Milton Keynes
MK13,Milton Keynes
MK14,Milton Keynes
MK15,Milton Keynes
MK16,Milton Keynes
MK17,Newton Longville
MK19,Old Stratford
MK2,Milton Keynes
MK3,Milton Keynes
MK4,Milton Keynes
MK40,Bedford
MK41,Bedford
MK42,Bedford
MK43,Cranfield
MK44,Knotting Green
MK45,Flitwick
MK46,Olney
MK5,Milton Keynes
MK6,Milton Keynes
MK7,Milton Keynes
MK77,Milton Keynes
MK8,Milton Keynes
MK9,Milton Keynes
MK98,Milton Keynes
ML1,Motherwell
ML11,Lesmahagow
ML12,Biggar
ML2,Wishaw
ML3,Hamilton
ML4,Bellshill
ML5,Coatbridge
ML6,Airdrie
ML7,Shotts
ML8,Carluke
ML9,Larkhall
N1,London
N10,London
N11,London
N12,London
N13,London
N14,London
N15,London
N16,London
N17,London
N18,London
N19,London
N1C,London
N1P,London
N2,London
N20,London
N21,London
N22,London
N3,London
N4,London
N5,London
N6,London
N7,London
N8,London
N81,London
N9,London
NE1,Newcastle Upon Tyne
NE10,Gateshead
NE11,Whickham
NE12,Newcastle Upon Tyne
NE13,Dinnington
NE15,Ponteland
NE16,Gateshead
NE17,Gateshead
NE18,Stamfordham
NE19,Elsdon
NE2,Newcastle Upon Tyne
NE20,Ponteland
NE21,Gateshead
NE22,Bedlington
NE23,Cramlington
NE24,Newsham
NE25,Seaton Delaval
NE26,Seaton Sluice
NE27,Newcastle Upon Tyne
NE28,Newcastle Upon Tyne
NE29,North Shields
NE3,Newcastle Upon Tyne
NE30,North Shields
NE31,Newcastle Upon Tyne
NE32,Newcastle Upon Tyne
NE33,South Shields
NE34,South Shields
NE36,West Boldon
NE37,Sunderland
NE38,Washington
NE39,Gateshead
NE4,Newcastle Upon Tyne
NE40,Ryton
NE41,Wylam
NE42,Prudhoe
NE43,Stocksfield
NE44,Corbridge
NE45,Corbridge
NE46,Hexham
NE47,Slaley
NE48,Falstone
NE49,Haltwhistle
NE5,Newcastle Upon Tyne
NE6,Newcastle Upon Tyne
NE61,Morpeth
NE62,Guide Post
NE63,Ashington
NE64,Newbiggin By The Sea
NE65,Amble
NE66,Alnwick
NE67,Beadnell
NE68,Seahouses
NE69,Bamburgh
NE7,Newcastle Upon Tyne
NE70,Belford
NE71,Wooler
NE8,Gateshead
NE82,Gateshead
NE83,Gateshead
NE85,Sunderland
NE88,Gateshead
NE89,Sunderland
NE9,Gateshead
NE92,Gateshead
NE98,Newcastle Upon Tyne
NE99,Newcastle Upon Tyne
NG1,Nottingham
NG10,Erewash
NG11,Nottingham
NG12,Rushcliffe
NG13,Melton
NG14,Gedling
NG15,Ashfield
NG16,Broxtowe
NG17,Ashfield
NG18,Mansfield Woodhouse
NG19,Mansfield Woodhouse
NG2,Nottingham
NG20,Market Warsop
NG21,Mansfield
NG22,Ollerton
NG23,Cromwell
NG24,Newark-on-Trent
NG25,Southwell
NG3,Nottingham
NG31,Grantham
NG32,Melton
NG33,Colsterworth
NG34,Sleaford
NG4,Gedling
NG5,Nottingham
NG6,Nottingham
NG7,Nottingham
NG70,Mansfield Woodhouse
NG8,Nottingham
NG80,Nottingham
NG9,Nottingham
NG90,Nottingham
NN1,Northampton
NN10,Rushden
NN11,Daventry
NN12,Towcester
NN13,Brackley
NN14,Geddington
NN15,Kettering
NN16,Kettering
NN17,Corby
NN18,Corby
NN2,Northampton
NN29,Irchester
NN4,Collingtree
NN5,Duston
NN6,Moulton
NN7,Little Houghton
NN8,Wellingborough
NN9,Great Harrowden
NN99,Northampton
NP1,Newport
NP10,Newport
NP11,Pentwyn
NP12,Blackwood
NP13,Abertillery
NP15,Usk
NP16,Chepstow
NP18,Newport
NP19,Newport
NP2,Blackwood
NP20,Newport
NP22,Tredegar
NP23,Brynmawr
NP24,New Tredegar
NP25,Monmouth
NP26,Newport
NP3,Abertillery
NP4,Goytre
NP44,Northville
NP5,Usk
NP6,Newport
NP7,Gilwern
NP8,Crickhowell
NP9,Newport
NPT,Newport
NR1,Norwich
NR10,Broadland
NR11,Broadland
NR12,Stalham
NR13,Broadland
NR14,Norwich
NR15,Tasburgh
NR16,Quidenham
NR17,Breckland
NR18,Wymondham
NR19,Breckland
NR2,Norwich
NR20,Breckland
NR21,Fakenham
NR22,Egmere
NR23,Wells-next-the-Sea
NR24,Melton Constable
NR25,High Kelling
NR26,Sheringham
NR27,Cromer
NR28,North Walsham
NR29,Great Yarmouth
NR3,Norwich
NR30,Great Yarmouth
NR31,Great Yarmouth
NR32,Lowestoft
NR33,Carlton Colville
NR34,Worlingham
NR35,Bungay
NR4,Norwich
NR5,Norwich
NR6,Norwich
NR7,Broadland
NR8,Norwich
NR9,Easton
NW1,London
NW10,London
NW11,London
NW2,London
NW26,London
NW3,London
NW4,London
NW5,London
NW6,London
NW7,London
NW8,London
NW9,London
OL1,Royton
OL10,Heywood
OL11,Milnrow
OL12,Rochdale
OL13,Rossendale
OL14,Calderdale
OL15,Rochdale
OL16,Milnrow
OL2,Royton
OL3,Oldham
OL4,Chadderton
OL5,Tameside
OL6,Tameside
OL7,Tameside
OL8,Chadderton
OL9,Chadderton
OL95,Oldham
OX1,Oxford
OX10,Wallingford
OX11,Didcot
OX12,Wantage
OX13,Frilford
OX14,Abingdon
OX15,Cherwell
OX16,Cherwell
OX17,Cherwell
OX18,Cartertorn
OX2,Oxford
OX20,Woodleys
OX25,Cherwell
OX26,Cherwell
OX27,Marsh Gibbon
OX28,Witney
OX29,North Leigh
OX3,Oxford
OX33,Holton
OX39,Chinnor
OX4,Oxford
OX44,Oxford
OX49,Watlington
OX5,Cherwell
OX6,Cherwell
OX7,Chipping Norton
OX9,Thame
PA1,Paisley
PA10,Johnstone
PA11,Bridge Of Weir
PA12,Lochwinnoch
PA13,Kilmacolm
PA14,Port Glasgow
PA15,Greenock
PA16,Inverkip
PA17,Skelmorlie
PA18,Wemyss Bay
PA19,Gourock
PA2,Elderslie
PA20,Rothesay
PA21,Kames
PA22,Clachan Of Glendaruel
PA23,Dunoon
PA24,Lochgoilhead
PA25,St Catherines
PA26,Argyll And Bute
PA27,Strachur
PA28,Campbeltown
PA29,Tarbert
PA3,Elderslie
PA30,Ardrishaig
PA31,Lochgilphead
PA32,Inveraray
PA33,Dalmally
PA34,Oban
PA35,Taynuilt
PA36,Bridge Of Orchy
PA37,Dunbeg
PA38,Duror
PA39,Glencoe
PA4,Renfrew
PA40,Kinlochleven
PA41,Ardminish
PA42,Port Ellen
PA43,Bowmore
PA44,Bowmore
PA45,Keills
PA46,Keills
PA47,Port Wemyss
PA48,Port Charlotte
PA49,Bruichladdich
PA5,Johnstone
PA6,Brookfield
PA60,Craighouse
PA61,Scalasaig
PA62,Lochbuie
PA63,Portfield
PA64,Lochdon
PA65,Craignure
PA66,Fionnphort
PA67,Bunessan
PA68,Balnahard
PA69,Balevulin
PA7,Bishopton
PA70,Pennyghael
PA71,Knock
PA72,Salen
PA73,Bearnus
PA74,Burg
PA75,Tobermory
PA76,Isle of Iona
PA77,Sgairinis
PA78,Arinagour
PA8,Erskine
PA80,Highland
PA82,Loch Nam Madadh
PA84,Am Baile
PA86,Steinis
PA9,Johnstone
PA98,Paisley
PE1,Peterborough
PE10,Bourne
PE11,Spalding
PE12,Holbeach
PE13,Fenland
PE14,Fenland
PE15,Fenland
PE16,Fenland
PE19,Eaton Socon
PE2,Peterborough
PE20,Boston
PE21,Boston
PE22,Boston
PE23,Spilsby
PE24,Burgh le Marsh
PE25,Skegness
PE26,Ramsey
PE27,St Ives
PE28,Alconbury
PE29,Huntingdon
PE3,Peterborough
PE30,King's Lynn
PE31,Dersingham
PE32,King's Lynn
PE33,King's Lynn
PE34,King's Lynn
PE35,Sandringham
PE36,Ringstead
PE38,Bexwell
PE4,Peterborough
PE5,Ailsworth
PE6,South Holland
PE7,Peterborough
PE8,Oundle
PE9,South Kesteven
PE99,Peterborough
PH1,Bertha Park
PH10,Blairgowrie And Rattray
PH11,Alyth
PH12,Meigle
PH13,Coupar Angus
PH14,Inchture
PH15,Aberfeldy
PH16,Pitlochry
PH17,Perth And Kinross
PH18,Blair Atholl
PH19,Dalwhinnie
PH2,Perth
PH20,Newtonmore
PH21,Kincraig
PH22,Aviemore
PH23,Carrbridge
PH24,Boat Of Garten
PH25,Nethy Bridge
PH26,Grantown-On-Spey
PH3,Auchterarder
PH30,Highland
PH31,Roybridge
PH32,Fort Augustus
PH33,Fort William
PH34,Spean Bridge
PH35,Invergarry
PH36,Strontian
PH37,Glenfinnan
PH38,Lochailort
PH39,Arisaig
PH4,Blackford
PH40,Bracara
PH41,Inverie
PH42,Highland
PH43,Kinloch
PH44,Highland
PH49,Ballachulish
PH5,Muthill
PH50,Kinlochleven
PH6,Perth And Kinross
PH7,Crieff
PH8,Dunkeld
PH9,Logierait
PL1,Plymouth
PL10,Millbrook
PL11,Torpoint
PL12,Saltash
PL13,Looe
PL14,Liskeard
PL16,West Devon
PL17,Callington
PL18,Calstock
PL19,West Devon
PL2,Plymouth
PL20,West Devon
PL21,South Hams
PL22,Lostwithiel
PL23,Fowey
PL24,Tywardreath
PL25,St. Austell
PL26,Charlestown
PL27,Wadebridge
PL28,Padstow
PL29,Port Isaac
PL3,Plymouth
PL30,Mount Charles
PL31,Bodmin
PL32,Camelford
PL33,Delabole
PL34,Tintagel
PL35,Boscastle
PL4,Plymouth
PL5,Plymouth
PL6,Plymouth
PL7,Plymouth
PL8,Plymouth
PL9,Plymouth
PL95,Plymouth
PO1,Portsmouth
PO10,Emsworth
PO11,Havant
PO12,Gosport
PO13,Gosport
PO14,Fareham
PO15,Fareham
PO16,Fareham
PO17,Fareham
PO18,Chichester
PO19,Chichester
PO2,Portsmouth
PO20,Chichester
PO21,Arun
PO22,Arun
PO3,Portsmouth
PO30,Newport
PO31,Cowes
PO32,East Cowes
PO33,Ryde
PO34,Seaview
PO35,Bembridge
PO36,Brading
PO37,Shanklin
PO38,Ventnor
PO39,Colwell Bay
PO4,Portsmouth
PO40,Easton
PO41,Cranmore
PO5,Portsmouth
PO6,Havant
PO7,Winchester
PO8,Waterlooville
PO9,Havant
PR0,Preston
PR1,Preston
PR11,Preston
PR2,Preston
PR25,Leyland
PR26,Croston
PR3,Wyre
PR4,Preston
PR5,Bamber Bridge
PR6,Chorley
PR7,Chorley
PR8,Southport
PR9,Southport
RG1,Reading
RG10,Twyford
RG11,Wokingham
RG12,Bracknell
RG13,Newbury
RG14,Newbury
RG17,Hungerford
RG18,Hampstead Norreys
RG19,Thatcham
RG2,Whitley Wood
RG20,Newbury
RG21,Basingstoke
RG22,Basingstoke
RG23,Oakley
RG24,Basingstoke
RG25,Hart
RG26,Ramsdell
RG27,Hook
RG28,Whitchurch
RG29,Hart
RG3,Reading
RG30,Reading
RG31,Calcot
RG4,Reading
RG40,Wokingham
RG41,Wokingham
RG42,Bracknell
RG45,Crowthorne
RG5,Reading
RG6,Reading
RG7,Spencers Wood
RG8,Woodcote
RG9,Henley-on-Thames
RH1,Redhill
RH10,Crawley
RH11,Crawley
RH12,Horsham
RH13,Horsham
RH14,Chichester
RH15,Burgess Hill
RH16,Haywards Heath
RH17,Cuckfield
RH18,Wealden
RH19,East Grinstead
RH2,Reigate
RH20,Horsham
RH3,Brockham
RH4,Dorking
RH5,Holmwood
RH6,Horley
RH7,Lingfield
RH77,Crawley
RH8,Oxted
RH9,Godstone
RM1,London
RM10,London
RM11,London
RM12,London
RM13,London
RM14,London
RM15,Aveley
RM16,Grays
RM17,Grays
RM18,Tilbury
RM19,Grays
RM2,London
RM20,Grays
RM3,London
RM4,Stapleford Abotts
RM5,London
RM50,London
RM6,London
RM7,London
RM8,London
RM9,London
S1,Sheffield
S10,Sheffield
S11,Sheffield
S12,Sheffield
S13,Sheffield
S14,Sheffield
S17,Sheffield
S18,Dronfield
S19,Sheffield
S2,Sheffield
S20,Sheffield
S21,Killamarsh
S25,Dinnington
S26,Rotherham
S3,Sheffield
S31,Rotherham
S32,Hathersage
S33,High Peak
S35,Sheffield
S4,Sheffield
S40,Chesterfield
S41,Chesterfield
S42,Chesterfield
S43,Chesterfield
S44,Chesterfield
S45,Chesterfield
S49,Chesterfield
S5,Sheffield
S6,Sheffield
S60,Rotherham
S61,Rotherham
S62,Rawmarsh
S63,Thurnscoe
S64,Doncaster
S65,Rotherham
S66,Rotherham
S7,Sheffield
S70,Barnsley
S71,Barnsley
S72,Thurnscoe
S73,Wombwell
S74,Barnsley
S75,Barnsley
S8,Sheffield
S80,Bassetlaw
S81,Bassetlaw
S9,Sheffield
S95,Sheffield
S96,Sheffield
S97,Wath Upon Dearne
S98,Sheffield
S99,Sheffield
SA1,Swansea
SA10,Skewen
SA11,Neath
SA12,Port Talbot
SA13,Port Talbot
SA14,Llannon
SA15,Llanelli
SA16,Burry Port
SA17,Trimsaran
SA18,Brynaman
SA19,Llandeilo
SA2,Swansea
SA20,Llandovery
SA3,Reynoldston
SA31,Carmarthen
SA32,Peniel
SA33,St Clears
SA34,Whitland
SA35,West Cilrhedyn
SA36,Hermon
SA37,Boncath
SA38,Newcastle Emlyn
SA39,Pencader
SA4,Hendy
SA40,Llanybydder
SA41,Crymych
SA42,Dinas Cross
SA43,Cardigan
SA44,Pont-Tyweli
SA45,New Quay
SA46,Aberaeron
SA47,Llanarth
SA48,Lampeter
SA5,Swansea
SA6,Clydach
SA61,Haverfordwest
SA62,Portfield Gate
SA63,Clarbeston Road
SA64,Goodwick
SA65,Fishguard
SA66,Rosebush
SA67,Narberth
SA68,Begelly
SA69,Saundersfoot
SA7,Tregof
SA70,Tenby
SA71,Pembroke
SA72,Pembroke Dock
SA73,Milford Haven
SA8,Pontardawe
SA80,Swansea
SA9,Ystradgynlais
SA99,Swansea
SE1,London
SE10,London
SE11,London
SE12,London
SE13,London
SE14,London
SE15,London
SE16,London
SE17,London
SE18,London
SE19,London
SE1P,London
SE2,London
SE20,London
SE21,London
SE22,London
SE23,London
SE24,London
SE25,London
SE26,London
SE27,London
SE28,London
SE3,London
SE4,London
SE5,London
SE6,London
SE7,London
SE8,London
SE9,London
SE99,London
SG1,Stevenage
SG10,Much Hadham
SG11,Standon
SG12,Ware
SG13,Hertford
SG14,Hertford
SG15,Arlesey
SG16,Henlow
SG17,Shefford
SG18,Biggleswade
SG19,Sandy
SG2,Stevenage
SG3,Knebworth
SG4,Stevenage
SG5,Hitchin
SG6,Letchworth Garden City
SG7,Stevenage
SG8,Royston
SG9,Buntingford
SK1,Stockport
SK10,Macclesfield
SK11,Macclesfield
SK12,Poynton
SK13,High Peak
SK14,Tameside
SK15,Tameside
SK16,Tameside
SK17,Derbyshire Dales
SK2,Hazel Grove
SK22,High Peak
SK23,High Peak
SK3,Cheadle Hulme
SK4,Stockport
SK5,Stockport
SK6,Stockport
SK8,Cheadle
SL0,Iver Heath
SL1,Slough
SL2,Slough
SL3,Slough
SL4,Windsor
SL5,Sunninghill
SL6,Taplow
SL7,Marlow
SL8,Bourne End
SL9,Chalfont St. Peter
SL95,Slough
SM1,London
SM2,London
SM3,London
SM4,London
SM5,London
SM6,London
SM7,Banstead
SN1,Swindon
SN10,Devizes
SN11,Calne
SN12,Melksham
SN13,Corsham
SN14,Chippenham
SN15,Chippenham
SN16,Malmesbury
SN17,West Swindon
SN2,Swindon
SN25,Taw Hill
SN26,Blundson
SN3,Wanborough
SN38,Swindon
SN4,Wanborough
SN5,Purton
SN6,Swindon
SN7,Faringdon
SN8,Marlborough
SO1,Southampton
SO14,Southampton
SO15,Southampton
SO16,Test Valley
SO17,Southampton
SO18,Southampton
SO19,Southampton
SO2,Southampton
SO20,Test Valley
SO21,Winchester
SO22,Winchester
SO23,Winchester
SO24,Winchester
SO25,Winchester
SO3,Winchester
SO30,Southampton
SO32,Winchester
SO4,New Forest
SO40,Southampton
SO41,New Forest
SO42,New Forest
SO43,New Forest
SO45,New Forest
SO5,Test Valley
SO50,Eastleigh
SO51,Test Valley
SO53,Chandler's Ford
SO9,Southampton
SO97,Eastleigh
SP1,Salisbury
SP10,Andover
SP11,Andover
SP2,Wilton
SP3,Barford St Martin
SP4,Wiltshire
SP5,Farley
SP6,New Forest
SP7,Dorset
SP8,Gillingham
SP9,Tidworth
SR1,Sunderland
SR2,Sunderland
SR3,Sunderland
SR4,Sunderland
SR43,Sunderland
SR5,Sunderland
SR6,Sunderland
SR7,Seaham
SR8,Peterlee
SR88,Peterlee
SR9,Sunderland
SS0,Southend-On-Sea
SS1,Southend-On-Sea
SS11,Wickford
SS12,Wickford
SS13,Wickford
SS14,Basildon
SS15,Basildon
SS16,Basildon
SS17,Stanford-Le-Hope
SS2,Southend-On-Sea
SS22,Southend-On-Sea
SS3,Rochford
SS4,Rochford
SS5,Rochford
SS7,Castle Point
SS8,Castle Point
SS9,Southend-On-Sea
SS99,Southend-On-Sea
ST1,Stoke-On-Trent
ST10,Cheadle
ST11,Stoke-On-Trent
ST12,Stafford
ST13,Leek
ST14,Uttoxeter
ST15,Stone
ST16,Stafford
ST17,Stafford
ST18,Stafford
ST19,South Staffordshire
ST2,Stoke-On-Trent
ST20,Stafford
ST21,Eccleshall
ST3,Stoke-On-Trent
ST4,Stoke-On-Trent
ST5,Newcastle-Under-Lyme
ST55,Newcastle-Under-Lyme
ST6,Stoke-On-Trent
ST7,Kidsgrove
ST8,Biddulph
ST9,Werrington
SW10,London
SW11,London
SW12,London
SW13,London
SW14,London
SW15,London
SW16,London
SW17,London
SW18,London
SW19,London
SW1A,London
SW1E,London
SW1H,London
SW1P,London
SW1V,London
SW1W,London
SW1X,London
SW1Y,London
SW2,London
SW20,London
SW3,London
SW4,London
SW5,London
SW6,London
SW7,London
SW8,London
SW9,London
SW95,London
SW99,London
SY1,Shrewsbury
SY10,Llanrhaeadr-Ym-Mochnant
SY11,Oswestry
SY12,Ellesmere
SY13,Whitchurch
SY14,Malpas
SY15,Churchstoke
SY16,Newtown
SY17,Llandinam
SY18,Llanidloes
SY19,Llanbrynmair
SY2,Shrewsbury
SY21,Llanfair Caereinion
SY22,Llanfyllin
SY23,Aberystwyth
SY24,Bow Street
SY25,Ystrad Meurig
SY3,Bayston Hill
SY4,Montford
SY5,Minsterley
SY6,Church Stretton
SY7,Bucknell
SY8,Ludlow
SY9,Bishop's Castle
SY99,Shrewsbury
TA1,Taunton
TA10,Curry Rivel
TA11,Somerton
TA12,Martock
TA13,South Petherton
TA14,Norton Sub Hamdon
TA15,Montacute
TA16,Merriott
TA17,Hinton St George
TA18,Crewkerne
TA19,Ilminster
TA2,Taunton
TA20,Chard
TA21,Wellington
TA22,Dulverton
TA23,Watchet
TA24,Bossington
TA3,Taunton
TA4,Norton Fitzwarren
TA5,Somerset
TA6,Bridgwater
TA7,Dunwear
TA8,Burnham-On-Sea
TA9,Highbridge
TD1,Galashiels
TD10,Greenlaw
TD11,Duns
TD12,Coldstream
TD13,Cove
TD14,Eyemouth
TD15,Berwick-Upon-Tweed
TD2,Oxton
TD3,Gordon
TD4,Earlston
TD5,Kelso
TD6,St Boswells
TD7,Selkirk
TD8,Jedburgh
TD9,Hawick
TF1,Telford
TF10,Newport
TF11,Shifnal
TF12,Broseley
TF13,Much Wenlock
TF2,Oakengates
TF3,Telford
TF4,Dawley
TF5,Wellington
TF7,Madeley
TF8,Ironbridge
TF9,Market Drayton
TN1,Royal Tunbridge Wells
TN10,Tonbridge
TN11,Tonbridge
TN12,Maidstone
TN13,Sevenoaks
TN14,Sevenoaks
TN15,Sevenoaks
TN16,Westerham
TN17,Swattenden
TN18,Sandhurst
TN19,Rother
TN2,Royal Tunbridge Wells
TN20,Wealden
TN21,Wealden
TN22,Wealden
TN23,Ashford
TN24,Ashford
TN25,Ashford
TN26,Ashford
TN27,Ashford
TN28,New Romney
TN29,Old Romney
TN3,Royal Tunbridge Wells
TN30,Tenterden
TN31,Rother
TN32,Rother
TN33,Rother
TN34,St Leonards
TN35,Hastings
TN36,Rother
TN37,St Leonards
TN38,St Leonards
TN39,Rother
TN4,Royal Tunbridge Wells
TN40,Rother
TN5,Wealden
TN6,Wealden
TN7,Wealden
TN8,Edenbridge
TN9,Tonbridge
TQ1,Torquay
TQ10,South Brent
TQ11,Teignbridge
TQ12,Teignbridge
TQ13,Teignbridge
TQ14,Teignbridge
TQ2,Torquay
TQ3,Paignton
TQ4,Paignton
TQ5,Brixham
TQ6,Dartmouth
TQ7,Kingsbridge
TQ8,Salcombe
TQ9,Washbourne
TR1,Truro
TR10,Penryn
TR11,Falmouth
TR12,Mawgan
TR13,Sithney
TR14,Camborne
TR15,Redruth
TR16,Redruth
TR17,Marazion
TR18,Penzance
TR19,Lower Drift
TR2,St. Michael Penkevil
TR20,Ludgvan
TR21,Penzance
TR22,Hugh
TR23,New Grimsby
TR24,New Grimsby
TR25,Higher
TR26,St. Ives
TR27,Hayle
TR3,Kea
TR4,Porthtowan
TR5,St. Agnes
TR6,Bolingey
TR7,Newquay
TR8,Newquay
TR9,St. Columb Major
TR93,Gulval
TS1,Middlesbrough
TS10,Redcar
TS11,Marske-By-The-Sea
TS12,Saltburn By The Sea
TS13,Loftus
TS14,Guisborough
TS15,Crathorne
TS16,Eaglescliffe
TS17,Thornaby-On-Tees
TS18,Stockton-On-Tees
TS19,Stockton-On-Tees
TS2,Middlesbrough
TS20,Stockton-On-Tees
TS21,Preston-On-Tees
TS22,Billingham
TS23,Billingham
TS24,Hartlepool
TS25,Seaton Carew
TS26,Hartlepool
TS27,Hart
TS28,Wingate
TS29,Trimdon Colliery
TS3,Middlesbrough
TS4,Middlesbrough
TS5,Middlesbrough
TS6,Middlesbrough
TS7,Middlesbrough
TS8,Newby
TS9,Stokesley
TS90,Middlesbrough
TW1,London
TW10,London
TW11,London
TW12,London
TW13,London
TW14,London
TW15,Spelthorne
TW16,Sunbury-On-Thames
TW17,Spelthorne
TW18,Spelthorne
TW19,Hythe End
TW2,London
TW20,Hythe End
TW3,London
TW4,London
TW5,London
TW6,London
TW8,London
TW9,London
UB1,London
UB10,London
UB11,London
UB18,London
UB2,London
UB3,London
UB4,London
UB5,London
UB6,London
UB7,London
UB8,London
UB9,Denham
W1,London
W10,London
W11,London
W12,London
W13,London
W14,London
W1A,London
W1B,London
W1C,London
W1D,London
W1F,London
W1G,London
W1H,London
W1J,London
W1K,London
W1M,London
W1N,London
W1P,London
W1R,London
W1S,London
W1T,London
W1U,London
W1V,London
W1W,London
W1X,London
W1Y,London
W2,London
W3,London
W4,London
W5,London
W6,London
W7,London
W8,London
W9,London
WA1,Warrington
WA10,St Helens
WA11,St Helens
WA12,Newton-Le-Willows
WA13,Lymm
WA14,Trafford
WA15,Trafford
WA16,High Legh
WA2,Poulton-With-Fearnhead
WA3,Warrington
WA4,Warrington
WA5,Warrington
WA55,Warrington
WA6,Helsby
WA7,Runcorn
WA8,Widnes
WA88,Widnes
WA9,St Helens
WC1A,London
WC1B,London
WC1E,London
WC1H,London
WC1N,London
WC1R,London
WC1V,London
WC1X,London
WC2A,London
WC2B,London
WC2E,London
WC2H,London
WC2N,London
WC2R,London
WC99,London
WD1,Watford
WD17,Watford
WD18,Watford
WD19,Watford
WD2,Hertsmere
WD23,Hertsmere
WD24,Garston
WD25,Three Rivers
WD3,Three Rivers
WD4,Dacorum
WD5,Three Rivers
WD6,Hertsmere
WD7,Hertsmere
WD99,Watford
WF1,Wakefield
WF10,Wakefield
WF11,Wakefield
WF12,Kirklees
WF13,Kirklees
WF14,Kirklees
WF15,Kirklees
WF16,Kirklees
WF17,Kirklees
WF2,Wakefield
WF3,Wakefield
WF4,Wakefield
WF5,Wakefield
WF6,Wakefield
WF7,Wakefield
WF8,Wakefield
WF9,Wakefield
WF90,Wakefield
WN1,Wigan
WN2,Hindley
WN3,Wigan
WN4,Ashton-In-Makerfield
WN5,Wigan
WN6,Wigan
WN7,Leigh
WN8,West Lancashire
WR1,Worcester
WR10,Wychavon
WR11,Wychavon
WR12,Wychavon
WR13,Malvern Hills
WR14,Malvern Hills
WR15,Malvern Hills
WR2,Worcester
WR3,Worcester
WR4,Wychavon
WR5,Worcester
WR6,Herefordshire
WR7,Worcester
WR78,Worcester
WR8,Malvern Hills
WR9,Wychavon
WR99,Worcester
WS1,Walsall
WS10,Sandwell
WS11,Cannock Chase
WS12,Cannock Chase
WS14,Lichfield
WS15,Cannock Chase
WS2,Darlaston
WS3,Walsall
WS4,Walsall
WS5,Walsall
WS6,South Staffordshire
WS7,Lichfield
WS8,Brownhills
WS9,Aldridge
WV1,Wolverhampton
WV10,Wolverhampton
WV11,Wolverhampton
WV12,Willenhall
WV13,Willenhall
WV14,Wolverhampton
WV15,Bridgnorth
WV16,Bridgnorth
WV2,Wolverhampton
WV3,Wolverhampton
WV4,Wolverhampton
WV5,South Staffordshire
WV6,Wolverhampton
WV7,Albrighton
WV8,South Staffordshire
WV9,South Staffordshire
WV98,Wolverhampton
WV99,Priorslee
YO10,York
YO11,Scarborough
YO12,Scarborough
YO13,Burniston
YO14,Filey
YO15,Bridlington
YO16,Bridlington
YO17,Malton
YO18,Pickering
YO19,York
YO2,York
YO21,Whitby
YO22,Whitby
YO23,York
YO24,York
YO25,Garton
YO26,York
YO3,York
YO30,Shipton By Beningbrough
YO31,York
YO32,Shipton By Beningbrough
YO4,Stamford Bridge
YO41,Stamford Bridge
YO42,Pocklington
YO43,Market Weighton
YO5,Bolton Percy
YO51,Boroughbridge
YO6,Shipton By Beningbrough
YO60,Sheriff Hutton
YO61,York
YO62,York
YO7,Thirsk
YO8,Selby
YO90,York
YO91,York
YO95,Barmby Moor
ZE1,Lerwick
ZE2,Symbister
ZE3,Toab
